row_id,parent_batch_id,batch_id,scenario_family,sample_weight,batch_total_intended_amount_minor,predicted_leakage_rate,fold,predicted_leakage_rate_oof,true_leakage_amount_minor,predicted_leakage_amount_minor_oof,abs_rate_error,abs_amount_error_minor
anchor::LEAK_BATCH_005,LEAK_BATCH_005,LEAK_BATCH_005,unmatched_heavy,3.0,524785.988,0.33,1,0.04551678219395898,173179.37604,23886.56951423757,0.284483217806041,149292.80652576243
anchor::LEAK_BATCH_010,LEAK_BATCH_010,LEAK_BATCH_010,under_heavy,3.0,603953.882,0.05,1,0.12294766050799952,30197.6941,74254.7168466244,0.07294766050799951,44057.0227466244
anchor::LEAK_BATCH_015,LEAK_BATCH_015,LEAK_BATCH_015,mixed_leakage,3.0,541427.874,0.23,1,0.05889514338465244,124528.41102,31887.472271677532,0.17110485661534758,92640.93874832247
anchor::LEAK_BATCH_018,LEAK_BATCH_018,LEAK_BATCH_018,reference_stress,3.0,447263.695,0.12,1,0.026800736830647202,53671.6434,11986.996583597856,0.09319926316935279,41684.64681640214
synthetic::LEAK_BATCH_005::001,LEAK_BATCH_005,SYN_05_001,unmatched_heavy,1.0,476869.889727,0.331311,1,0.26844046663368315,157992.2400353421,128011.1757218689,0.06287053336631687,29981.06431347321
synthetic::LEAK_BATCH_005::002,LEAK_BATCH_005,SYN_05_002,unmatched_heavy,1.0,535752.607413,0.32465,1,0.2411076651662712,173932.08399663045,129174.06028009033,0.0835423348337288,44758.02371654012
synthetic::LEAK_BATCH_005::003,LEAK_BATCH_005,SYN_05_003,unmatched_heavy,1.0,522163.759343,0.344506,1,0.2880293814152766,179888.54807621957,150398.50460103966,0.05647661858472336,29490.043475179904
synthetic::LEAK_BATCH_005::004,LEAK_BATCH_005,SYN_05_004,unmatched_heavy,1.0,484301.060384,0.355125,1,0.21144832633313212,171987.414068868,102404.64865955796,0.1436766736668679,69582.76540931004
synthetic::LEAK_BATCH_005::005,LEAK_BATCH_005,SYN_05_005,unmatched_heavy,1.0,530371.158843,0.347035,1,0.3197160336903075,184057.35510908047,169568.163289016,0.027318966309692494,14489.191820064472
synthetic::LEAK_BATCH_005::006,LEAK_BATCH_005,SYN_05_006,unmatched_heavy,1.0,527451.267528,0.3519,1,0.33823089015994207,185610.1010431032,178400.31173198522,0.013669109840057925,7209.789311117987
synthetic::LEAK_BATCH_005::007,LEAK_BATCH_005,SYN_05_007,unmatched_heavy,1.0,605541.929855,0.342476,1,0.2978304975929823,207383.577969021,180348.85428212944,0.0446455024070177,27034.72368689155
synthetic::LEAK_BATCH_005::008,LEAK_BATCH_005,SYN_05_008,unmatched_heavy,1.0,535193.571534,0.294335,1,0.03659598345186047,157526.1998774599,19585.93508740037,0.2577390165481395,137940.26479005953
synthetic::LEAK_BATCH_005::009,LEAK_BATCH_005,SYN_05_009,unmatched_heavy,1.0,549050.621213,0.316269,1,0.35377210224561184,173647.69092041432,194238.79250578216,0.03750310224561182,20591.10158536784
synthetic::LEAK_BATCH_005::010,LEAK_BATCH_005,SYN_05_010,unmatched_heavy,1.0,586090.652432,0.330815,1,0.2842343331732153,193887.57918429212,166587.0857730642,0.046580666826784745,27300.493411227915
synthetic::LEAK_BATCH_005::011,LEAK_BATCH_005,SYN_05_011,unmatched_heavy,1.0,515516.592548,0.322451,1,0.3125511474083528,166228.84078369514,161125.3025089217,0.009899852591647162,5103.538274773426
synthetic::LEAK_BATCH_005::012,LEAK_BATCH_005,SYN_05_012,unmatched_heavy,1.0,511647.037152,0.339118,1,0.2395381999683333,173508.71994491192,122559.01029852104,0.09957980003166667,50949.70964639088
synthetic::LEAK_BATCH_005::013,LEAK_BATCH_005,SYN_05_013,unmatched_heavy,1.0,540867.429487,0.337891,1,0.364795418251696,182754.23661679192,197305.96015842984,0.026904418251695983,14551.723541637912
synthetic::LEAK_BATCH_005::014,LEAK_BATCH_005,SYN_05_014,unmatched_heavy,1.0,587666.619717,0.340722,1,0.34099811365658184,200230.9460032157,200393.20878243685,0.0002761136565818112,162.2627792211424
synthetic::LEAK_BATCH_005::015,LEAK_BATCH_005,SYN_05_015,unmatched_heavy,1.0,538893.267972,0.344602,1,0.24340821436080265,185703.69792968713,131171.048088122,0.10119378563919737,54532.649841565115
synthetic::LEAK_BATCH_005::016,LEAK_BATCH_005,SYN_05_016,unmatched_heavy,1.0,534869.799728,0.330405,1,0.31130876143849034,176723.65617912982,166509.65488417706,0.01909623856150966,10214.001294952759
synthetic::LEAK_BATCH_005::017,LEAK_BATCH_005,SYN_05_017,unmatched_heavy,1.0,553785.269916,0.312969,1,0.18413824750131585,173317.6221403406,101973.04909437541,0.12883075249868414,71344.57304596518
synthetic::LEAK_BATCH_005::018,LEAK_BATCH_005,SYN_05_018,unmatched_heavy,1.0,591777.475075,0.356852,1,0.3503045595731643,211176.9755354639,207302.3477714671,0.006547440426835693,3874.627763996803
synthetic::LEAK_BATCH_005::019,LEAK_BATCH_005,SYN_05_019,unmatched_heavy,1.0,535101.600215,0.326744,1,0.27269449078535535,174841.23726064994,145919.2583890582,0.05404950921464463,28921.97887159174
synthetic::LEAK_BATCH_005::020,LEAK_BATCH_005,SYN_05_020,unmatched_heavy,1.0,636304.318653,0.333776,1,0.22674629770490196,212383.11026272376,144279.64846820795,0.10702970229509806,68103.46179451581
synthetic::LEAK_BATCH_010::001,LEAK_BATCH_010,SYN_10_001,under_heavy,1.0,584792.445406,0.054556,1,0.14751731235099244,31903.936651569737,86267.0098294576,0.09296131235099245,54363.07317788787
synthetic::LEAK_BATCH_010::002,LEAK_BATCH_010,SYN_10_002,under_heavy,1.0,584486.235541,0.03,1,0.058153673412524524,17534.58706623,33990.0216557672,0.028153673412524526,16455.434589537203
synthetic::LEAK_BATCH_010::003,LEAK_BATCH_010,SYN_10_003,under_heavy,1.0,574432.490226,0.043405,1,0.07402549971414624,24933.24223825953,42522.65214102107,0.030620499714146238,17589.40990276154
synthetic::LEAK_BATCH_010::004,LEAK_BATCH_010,SYN_10_004,under_heavy,1.0,602311.401915,0.048937,1,0.04591229517933393,29475.313075514357,27653.498874599918,0.003024704820666073,1821.8142009144394
synthetic::LEAK_BATCH_010::005,LEAK_BATCH_010,SYN_10_005,under_heavy,1.0,574524.945698,0.040238,1,0.04915129238938792,23117.734764996127,28238.643590999614,0.008913292389387914,5120.908826003488
synthetic::LEAK_BATCH_010::006,LEAK_BATCH_010,SYN_10_006,under_heavy,1.0,699383.046802,0.0347,1,0.08359625699668917,24268.591724029404,58465.804919587485,0.04889625699668917,34197.213195558084
synthetic::LEAK_BATCH_010::007,LEAK_BATCH_010,SYN_10_007,under_heavy,1.0,572113.284292,0.044372,1,0.04492828110076265,25385.810650604624,25704.066458151512,0.000556281100762647,318.2558075468878
synthetic::LEAK_BATCH_010::008,LEAK_BATCH_010,SYN_10_008,under_heavy,1.0,572395.729602,0.060805,1,0.04501374989002035,34804.522338449606,25765.678210420145,0.01579125010997965,9038.844128029461
synthetic::LEAK_BATCH_010::009,LEAK_BATCH_010,SYN_10_009,under_heavy,1.0,585268.44636,0.033508,1,0.04553288862898481,19611.17510063088,26648.962986168848,0.012024888628984806,7037.787885537968
synthetic::LEAK_BATCH_010::010,LEAK_BATCH_010,SYN_10_010,under_heavy,1.0,612819.744821,0.04994,1,0.04142343713065753,30604.21805636074,25385.100172018283,0.008516562869342471,5219.117884342457
synthetic::LEAK_BATCH_010::011,LEAK_BATCH_010,SYN_10_011,under_heavy,1.0,618289.643222,0.047167,1,0.09051552514183764,29162.867601852075,55964.81174599876,0.04334852514183764,26801.944144146688
synthetic::LEAK_BATCH_010::012,LEAK_BATCH_010,SYN_10_012,under_heavy,1.0,581285.482186,0.060773,1,0.0543074533259184,35326.46260888978,31568.134192850168,0.006465546674081599,3758.3284160396106
synthetic::LEAK_BATCH_010::013,LEAK_BATCH_010,SYN_10_013,under_heavy,1.0,629601.83299,0.045114,1,0.07215779061717494,28403.857093510862,45430.67723708197,0.027043790617174934,17026.820143571105
synthetic::LEAK_BATCH_010::014,LEAK_BATCH_010,SYN_10_014,under_heavy,1.0,630199.910644,0.057433,1,0.04888985266693238,36194.27146801685,30810.380782099113,0.008543147333067616,5383.890685917737
synthetic::LEAK_BATCH_010::015,LEAK_BATCH_010,SYN_10_015,under_heavy,1.0,636662.616699,0.032775,1,0.06505408010308765,20866.617262309723,41417.50086537813,0.03227908010308765,20550.88360306841
synthetic::LEAK_BATCH_010::016,LEAK_BATCH_010,SYN_10_016,under_heavy,1.0,598960.019875,0.059025,1,0.050890882204020355,35353.61517312188,30481.603816376315,0.008134117795979647,4872.011356745563
synthetic::LEAK_BATCH_010::017,LEAK_BATCH_010,SYN_10_017,under_heavy,1.0,658284.716651,0.041283,1,0.12754419652181892,27175.96795750323,83960.39526784503,0.08626119652181892,56784.427310341795
synthetic::LEAK_BATCH_010::018,LEAK_BATCH_010,SYN_10_018,under_heavy,1.0,610121.787702,0.049947,1,0.06144582216495076,30473.75293035179,37489.434866098934,0.01149882216495076,7015.681935747143
synthetic::LEAK_BATCH_010::019,LEAK_BATCH_010,SYN_10_019,under_heavy,1.0,527574.271332,0.051378,1,0.10123537504068193,27105.7109124955,53409.179220109516,0.04985737504068193,26303.468307614017
synthetic::LEAK_BATCH_010::020,LEAK_BATCH_010,SYN_10_020,under_heavy,1.0,555305.843848,0.044463,1,0.06600541074356049,24690.563735013628,36653.19031148671,0.02154241074356049,11962.626576473082
synthetic::LEAK_BATCH_015::001,LEAK_BATCH_015,SYN_15_001,mixed_leakage,1.0,552768.51319,0.233926,1,0.24906923850223972,129306.92721648393,137677.63264824855,0.015143238502239725,8370.70543176461
synthetic::LEAK_BATCH_015::002,LEAK_BATCH_015,SYN_15_002,mixed_leakage,1.0,498989.704897,0.219018,1,0.23668487268379837,109287.72718713114,118103.31477407257,0.01766687268379838,8815.58758694143
synthetic::LEAK_BATCH_015::003,LEAK_BATCH_015,SYN_15_003,mixed_leakage,1.0,483580.72441,0.239668,1,0.25564508754817983,115898.82505789588,123625.03662840668,0.015977087548179836,7726.211570510801
synthetic::LEAK_BATCH_015::004,LEAK_BATCH_015,SYN_15_004,mixed_leakage,1.0,584012.262274,0.207085,1,0.25075048657126137,120940.17933301129,146441.3589287886,0.043665486571261375,25501.179595777314
synthetic::LEAK_BATCH_015::005,LEAK_BATCH_015,SYN_15_005,mixed_leakage,1.0,548252.689493,0.252427,1,0.2510788113961399,138393.78165064953,137654.6336226394,0.001348188603860101,739.1480280101241
synthetic::LEAK_BATCH_015::006,LEAK_BATCH_015,SYN_15_006,mixed_leakage,1.0,561984.132546,0.217839,1,0.19254818150871916,122422.06144968809,108209.02275848729,0.025290818491280842,14213.038691200796
synthetic::LEAK_BATCH_015::007,LEAK_BATCH_015,SYN_15_007,mixed_leakage,1.0,555030.678565,0.217245,1,0.2246402099124739,120577.6397648534,124682.20814070442,0.007395209912473916,4104.568375851013
synthetic::LEAK_BATCH_015::008,LEAK_BATCH_015,SYN_15_008,mixed_leakage,1.0,577853.375277,0.266593,1,0.206650558377433,154051.6648752213,119413.72266127639,0.05994244162256701,34637.9422139449
synthetic::LEAK_BATCH_015::009,LEAK_BATCH_015,SYN_15_009,mixed_leakage,1.0,548278.46412,0.210385,1,0.26295374482301315,115349.5646738862,144171.87534616404,0.05256874482301316,28822.310672277847
synthetic::LEAK_BATCH_015::010,LEAK_BATCH_015,SYN_15_010,mixed_leakage,1.0,545812.467857,0.237461,1,0.24241243262546283,129609.17442979106,132311.7280905226,0.004951432625462826,2702.5536607315444
synthetic::LEAK_BATCH_015::011,LEAK_BATCH_015,SYN_15_011,mixed_leakage,1.0,537719.395152,0.217696,1,0.2531596790843377,117059.3614470098,136128.86951410447,0.035463679084337674,19069.508067094677
synthetic::LEAK_BATCH_015::012,LEAK_BATCH_015,SYN_15_012,mixed_leakage,1.0,503801.260721,0.225928,1,0.22492138521051538,113822.81123217409,113315.67743217135,0.0010066147894846056,507.1338000027463
synthetic::LEAK_BATCH_015::013,LEAK_BATCH_015,SYN_15_013,mixed_leakage,1.0,530120.666023,0.215013,1,0.18515905240406555,113982.83476360331,98156.6401806308,0.02985394759593446,15826.194582972515
synthetic::LEAK_BATCH_015::014,LEAK_BATCH_015,SYN_15_014,mixed_leakage,1.0,532590.380578,0.217538,1,0.21549866049371857,115858.64621017697,114772.51360639879,0.0020393395062814346,1086.1326037781837
synthetic::LEAK_BATCH_015::015,LEAK_BATCH_015,SYN_15_015,mixed_leakage,1.0,533937.129488,0.212391,1,0.24122029319223484,113403.4408690858,128796.4709213156,0.028829293192234845,15393.030052229806
synthetic::LEAK_BATCH_015::016,LEAK_BATCH_015,SYN_15_016,mixed_leakage,1.0,540855.322884,0.206583,1,0.2343971343593534,111731.51516734537,126774.93778701242,0.0278141343593534,15043.42261966705
synthetic::LEAK_BATCH_015::017,LEAK_BATCH_015,SYN_15_017,mixed_leakage,1.0,516047.501677,0.206535,1,0.2779821822747691,106581.8707588592,143452.01067361503,0.07144718227476912,36870.13991475584
synthetic::LEAK_BATCH_015::018,LEAK_BATCH_015,SYN_15_018,mixed_leakage,1.0,583746.058048,0.242531,1,0.29261042626670863,141576.5152044395,170810.1828769361,0.05007942626670864,29233.66767249661
synthetic::LEAK_BATCH_015::019,LEAK_BATCH_015,SYN_15_019,mixed_leakage,1.0,627633.036802,0.26528,1,0.2443205987713123,166498.49200283457,153343.67936012172,0.020959401228687724,13154.812642712845
synthetic::LEAK_BATCH_015::020,LEAK_BATCH_015,SYN_15_020,mixed_leakage,1.0,517828.055535,0.217738,1,0.22341048220052062,112750.84515607983,115688.21558403232,0.005672482200520634,2937.3704279524973
synthetic::LEAK_BATCH_018::001,LEAK_BATCH_018,SYN_18_001,reference_stress,1.0,476930.34843,0.126287,1,0.1373278866047412,60230.10291217942,65495.836807554755,0.011040886604741201,5265.733895375335
synthetic::LEAK_BATCH_018::002,LEAK_BATCH_018,SYN_18_002,reference_stress,1.0,519077.468169,0.114745,1,0.14956002226651427,59561.54408505191,77633.23769740149,0.03481502226651427,18071.693612349583
synthetic::LEAK_BATCH_018::003,LEAK_BATCH_018,SYN_18_003,reference_stress,1.0,509948.242238,0.1249,1,0.1532810765562,63692.535455526195,78165.41555818249,0.028381076556199994,14472.880102656294
synthetic::LEAK_BATCH_018::004,LEAK_BATCH_018,SYN_18_004,reference_stress,1.0,467259.053434,0.124908,1,0.14377283067790234,58364.393846334075,67179.1567720834,0.01886483067790233,8814.762925749324
synthetic::LEAK_BATCH_018::005,LEAK_BATCH_018,SYN_18_005,reference_stress,1.0,472187.648278,0.088462,1,0.11634664020618132,41770.663741968434,54937.44642400336,0.027884640206181324,13166.78268203493
synthetic::LEAK_BATCH_018::006,LEAK_BATCH_018,SYN_18_006,reference_stress,1.0,432910.759606,0.13311,1,0.14372785518591746,57624.75121115466,62221.33496507669,0.010617855185917457,4596.58375392203
synthetic::LEAK_BATCH_018::007,LEAK_BATCH_018,SYN_18_007,reference_stress,1.0,429065.307842,0.119749,1,0.11519662394877658,51380.14154877165,49426.874916940935,0.004552376051223411,1953.2666318307165
synthetic::LEAK_BATCH_018::008,LEAK_BATCH_018,SYN_18_008,reference_stress,1.0,497418.010898,0.118353,1,0.14800261709291107,58870.913843810995,73619.16740205415,0.02964961709291107,14748.25355824316
synthetic::LEAK_BATCH_018::009,LEAK_BATCH_018,SYN_18_009,reference_stress,1.0,468992.711109,0.115371,1,0.14472432329873386,54108.15807335644,67874.65274728861,0.029353323298733858,13766.494673932168
synthetic::LEAK_BATCH_018::010,LEAK_BATCH_018,SYN_18_010,reference_stress,1.0,428603.751959,0.109019,1,0.14450289548311407,46725.952434818224,61934.48317300193,0.035483895483114064,15208.530738183705
synthetic::LEAK_BATCH_018::011,LEAK_BATCH_018,SYN_18_011,reference_stress,1.0,496454.687079,0.13499,1,0.15781016232270934,67016.4182087942,78345.59475380686,0.022820162322709336,11329.176545012655
synthetic::LEAK_BATCH_018::012,LEAK_BATCH_018,SYN_18_012,reference_stress,1.0,438575.949006,0.095634,1,0.1561754123684036,41942.7723072398,68494.779690876,0.0605414123684036,26552.007383636206
synthetic::LEAK_BATCH_018::013,LEAK_BATCH_018,SYN_18_013,reference_stress,1.0,509293.708153,0.124504,1,0.14733845529945916,63409.103839881114,75038.54825299658,0.022834455299459155,11629.444413115467
synthetic::LEAK_BATCH_018::014,LEAK_BATCH_018,SYN_18_014,reference_stress,1.0,412200.299417,0.110731,1,0.13370056106663192,45643.35135474382,55111.41130388657,0.02296956106663192,9468.05994914275
synthetic::LEAK_BATCH_018::015,LEAK_BATCH_018,SYN_18_015,reference_stress,1.0,498385.373189,0.12083,1,0.14134574139347394,60219.904642426874,70444.6500730624,0.020515741393473938,10224.745430635521
synthetic::LEAK_BATCH_018::016,LEAK_BATCH_018,SYN_18_016,reference_stress,1.0,420022.071194,0.128295,1,0.1347609797851396,53886.73162383423,56602.5858454871,0.006465979785139603,2715.854221652866
synthetic::LEAK_BATCH_018::017,LEAK_BATCH_018,SYN_18_017,reference_stress,1.0,437787.990555,0.135502,1,0.14583690270930957,59321.148296183615,63845.64458587368,0.010334902709309562,4524.4962896900615
synthetic::LEAK_BATCH_018::018,LEAK_BATCH_018,SYN_18_018,reference_stress,1.0,455353.631355,0.14,1,0.14114415883570366,63749.50838970001,64270.50527038457,0.0011441588357036514,520.9968806845645
synthetic::LEAK_BATCH_018::019,LEAK_BATCH_018,SYN_18_019,reference_stress,1.0,437831.942217,0.106837,1,0.15102120519602075,46776.65121063763,66121.90758692585,0.044184205196020745,19345.25637628822
synthetic::LEAK_BATCH_018::020,LEAK_BATCH_018,SYN_18_020,reference_stress,1.0,528015.801762,0.137337,1,0.14320191296061074,72516.10616658778,75612.87288574902,0.0058649129606107575,3096.766719161242
anchor::LEAK_BATCH_006,LEAK_BATCH_006,LEAK_BATCH_006,unmatched_heavy,3.0,631584.377,0.33,2,0.08382644007141933,208422.84441,52943.46992863521,0.2461735599285807,155479.3744813648
anchor::LEAK_BATCH_011,LEAK_BATCH_011,LEAK_BATCH_011,under_heavy,3.0,575398.817,0.05,2,0.07162479446460679,28769.940850000003,41212.822002802895,0.021624794464606786,12442.881152802893
anchor::LEAK_BATCH_016,LEAK_BATCH_016,LEAK_BATCH_016,mixed_leakage,3.0,601242.167,0.25,2,0.07674016015944836,150310.54175,46139.4201901938,0.17325983984055165,104171.1215598062
anchor::LEAK_BATCH_017,LEAK_BATCH_017,LEAK_BATCH_017,reference_stress,3.0,500683.674,0.06,2,0.07080285559166552,30041.02044,35449.83386732654,0.010802855591665522,5408.813427326539
synthetic::LEAK_BATCH_006::001,LEAK_BATCH_006,SYN_06_001,unmatched_heavy,1.0,623617.729953,0.333889,2,0.2794570476931546,208219.1002362772,174274.36970177232,0.05443195230684539,33944.730534504895
synthetic::LEAK_BATCH_006::002,LEAK_BATCH_006,SYN_06_002,unmatched_heavy,1.0,586547.398293,0.320801,2,0.23622101397241246,188164.99191979266,138554.82116765293,0.08457998602758754,49610.17075213973
synthetic::LEAK_BATCH_006::003,LEAK_BATCH_006,SYN_06_003,unmatched_heavy,1.0,637915.921117,0.337902,2,0.26554338145640755,215553.06557727655,169394.35077828713,0.07235861854359243,46158.714798989415
synthetic::LEAK_BATCH_006::004,LEAK_BATCH_006,SYN_06_004,unmatched_heavy,1.0,670082.973804,0.33449,2,0.26994609104745626,224136.05390769994,180886.2794558448,0.06454390895254375,43249.77445185513
synthetic::LEAK_BATCH_006::005,LEAK_BATCH_006,SYN_06_005,unmatched_heavy,1.0,546645.043198,0.320022,2,0.2126774448667777,174938.44001431036,116259.07103643997,0.10734455513322227,58679.368977870385
synthetic::LEAK_BATCH_006::006,LEAK_BATCH_006,SYN_06_006,unmatched_heavy,1.0,622587.519737,0.318027,2,0.17647371186472283,197999.6411393989,109870.33056863978,0.14155328813527718,88129.31057075913
synthetic::LEAK_BATCH_006::007,LEAK_BATCH_006,SYN_06_007,unmatched_heavy,1.0,715531.582735,0.339318,2,0.2680137875111224,242792.74559047472,191772.32957263538,0.07130421248887758,51020.416017839336
synthetic::LEAK_BATCH_006::008,LEAK_BATCH_006,SYN_06_008,unmatched_heavy,1.0,631867.685649,0.341665,2,0.2508872899858999,215887.07281726558,158527.5712821401,0.09077771001410012,57359.501535125484
synthetic::LEAK_BATCH_006::009,LEAK_BATCH_006,SYN_06_009,unmatched_heavy,1.0,630533.289574,0.336038,2,0.22963822140798873,211883.14556186783,144794.5431563017,0.10639977859201127,67088.60240556614
synthetic::LEAK_BATCH_006::010,LEAK_BATCH_006,SYN_06_010,unmatched_heavy,1.0,645564.477857,0.358505,2,0.2573041065923156,231438.09313412377,166106.3912227301,0.1012008934076844,65331.70191139367
synthetic::LEAK_BATCH_006::011,LEAK_BATCH_006,SYN_06_011,unmatched_heavy,1.0,706108.230583,0.335077,2,0.2534534759761659,236600.6275790599,178965.58545664142,0.0816235240238341,57635.04212241847
synthetic::LEAK_BATCH_006::012,LEAK_BATCH_006,SYN_06_012,unmatched_heavy,1.0,637780.03128,0.346786,2,0.17878561107517907,221173.18592746608,114025.89262394162,0.16800038892482091,107147.29330352446
synthetic::LEAK_BATCH_006::013,LEAK_BATCH_006,SYN_06_013,unmatched_heavy,1.0,634806.422491,0.324565,2,0.21546416124611362,206035.9465157914,136778.03337566936,0.10910083875388638,69257.91314012205
synthetic::LEAK_BATCH_006::014,LEAK_BATCH_006,SYN_06_014,unmatched_heavy,1.0,592262.94957,0.340225,2,0.2777524336619429,201502.66201745326,164502.47561086807,0.06247256633805709,37000.186406585184
synthetic::LEAK_BATCH_006::015,LEAK_BATCH_006,SYN_06_015,unmatched_heavy,1.0,591375.082217,0.343653,2,0.14130435594566396,203227.82112911867,83563.87511498726,0.20234864405433603,119663.94601413142
synthetic::LEAK_BATCH_006::016,LEAK_BATCH_006,SYN_06_016,unmatched_heavy,1.0,666012.863964,0.336733,2,0.19642757236192493,224268.50972118962,130823.29003026147,0.14030542763807508,93445.21969092815
synthetic::LEAK_BATCH_006::017,LEAK_BATCH_006,SYN_06_017,unmatched_heavy,1.0,674514.028329,0.313295,2,0.2639083495780328,211321.87250533406,178009.88398353683,0.049386650421967215,33311.98852179723
synthetic::LEAK_BATCH_006::018,LEAK_BATCH_006,SYN_06_018,unmatched_heavy,1.0,633441.565505,0.323478,2,0.23618288841346058,204904.41072642637,149608.0585821152,0.08729511158653941,55296.35214431118
synthetic::LEAK_BATCH_006::019,LEAK_BATCH_006,SYN_06_019,unmatched_heavy,1.0,618445.872148,0.341488,2,0.2814657153179821,211191.84398807626,174071.30978959013,0.06002228468201792,37120.53419848613
synthetic::LEAK_BATCH_006::020,LEAK_BATCH_006,SYN_06_020,unmatched_heavy,1.0,794627.541863,0.305949,2,0.21401920610825628,243115.50180544303,170065.55566127444,0.09192979389174374,73049.94614416859
synthetic::LEAK_BATCH_011::001,LEAK_BATCH_011,SYN_11_001,under_heavy,1.0,632406.701539,0.06968,2,0.050705586989399,44066.09896323753,32066.553017564656,0.01897441301060101,11999.545945672871
synthetic::LEAK_BATCH_011::002,LEAK_BATCH_011,SYN_11_002,under_heavy,1.0,607012.499028,0.045553,2,0.03953153196178869,27651.240368222487,23996.13400653061,0.006021468038211311,3655.1063616918764
synthetic::LEAK_BATCH_011::003,LEAK_BATCH_011,SYN_11_003,under_heavy,1.0,578038.572221,0.052366,2,0.059472578329690884,30269.567872924887,34377.444263996105,0.007106578329690881,4107.876391071219
synthetic::LEAK_BATCH_011::004,LEAK_BATCH_011,SYN_11_004,under_heavy,1.0,618790.02954,0.058518,2,0.05357903189243541,36210.35494862172,33154.17072744471,0.004938968107564591,3056.1842211770127
synthetic::LEAK_BATCH_011::005,LEAK_BATCH_011,SYN_11_005,under_heavy,1.0,592185.983999,0.038653,2,0.04325905457577179,22889.764839513347,25617.405800819863,0.00460605457577179,2727.6409613065152
synthetic::LEAK_BATCH_011::006,LEAK_BATCH_011,SYN_11_006,under_heavy,1.0,586338.724944,0.04499,2,0.08157495392614339,26379.37923523056,47830.55447242047,0.03658495392614339,21451.175237189906
synthetic::LEAK_BATCH_011::007,LEAK_BATCH_011,SYN_11_007,under_heavy,1.0,483454.082378,0.060095,2,0.05940008552961052,29053.173080505912,28717.213842892572,0.0006949144703894822,335.9592376133405
synthetic::LEAK_BATCH_011::008,LEAK_BATCH_011,SYN_11_008,under_heavy,1.0,629527.781703,0.05094,2,0.04522569989582315,32068.145199950817,28470.834531383145,0.005714300104176846,3597.310668567672
synthetic::LEAK_BATCH_011::009,LEAK_BATCH_011,SYN_11_009,under_heavy,1.0,544445.766015,0.058602,2,0.15380353952270193,31905.610780011026,83737.68589125577,0.09520153952270193,51832.07511124474
synthetic::LEAK_BATCH_011::010,LEAK_BATCH_011,SYN_11_010,under_heavy,1.0,631501.458888,0.049971,2,0.030609767460124684,31556.759402092248,19330.112807291167,0.019361232539875317,12226.646594801081
synthetic::LEAK_BATCH_011::011,LEAK_BATCH_011,SYN_11_011,under_heavy,1.0,580742.565233,0.043111,2,0.032058714553493003,25036.39272975986,18617.860127868036,0.011052285446506993,6418.532601891824
synthetic::LEAK_BATCH_011::012,LEAK_BATCH_011,SYN_11_012,under_heavy,1.0,550325.651486,0.04224,2,0.05632865772504292,23245.75551876864,30999.10525986615,0.014088657725042919,7753.349741097511
synthetic::LEAK_BATCH_011::013,LEAK_BATCH_011,SYN_11_013,under_heavy,1.0,612534.39082,0.036127,2,0.06701529269763737,22129.029937154137,41049.1714881713,0.03088829269763737,18920.14155101716
synthetic::LEAK_BATCH_011::014,LEAK_BATCH_011,SYN_11_014,under_heavy,1.0,551826.181011,0.055087,2,0.11827034176507391,30398.44883335295,65264.6710230865,0.06318334176507391,34866.22218973355
synthetic::LEAK_BATCH_011::015,LEAK_BATCH_011,SYN_11_015,under_heavy,1.0,544875.072853,0.04823,2,0.0640603935868457,26279.32476370019,34904.91162262441,0.015830393586845702,8625.586858924216
synthetic::LEAK_BATCH_011::016,LEAK_BATCH_011,SYN_11_016,under_heavy,1.0,594801.940339,0.051602,2,0.028272158203777195,30692.969725373077,16816.334557177852,0.023329841796222807,13876.635168195226
synthetic::LEAK_BATCH_011::017,LEAK_BATCH_011,SYN_11_017,under_heavy,1.0,607536.214542,0.048628,2,0.09743360006670994,29543.271040748372,59194.44055372811,0.04880560006670994,29651.16951297974
synthetic::LEAK_BATCH_011::018,LEAK_BATCH_011,SYN_11_018,under_heavy,1.0,656755.867659,0.055149,2,0.057915758973808344,36219.42934552619,38036.514535973016,0.0027667589738083476,1817.085190446829
synthetic::LEAK_BATCH_011::019,LEAK_BATCH_011,SYN_11_019,under_heavy,1.0,571391.593703,0.060262,2,0.04679831651250129,34433.200219730184,26740.164654695534,0.013463683487498712,7693.03556503465
synthetic::LEAK_BATCH_011::020,LEAK_BATCH_011,SYN_11_020,under_heavy,1.0,572176.721201,0.062691,2,0.0683826803746519,35870.33082881189,39126.97784370429,0.005691680374651897,3256.647014892398
synthetic::LEAK_BATCH_016::001,LEAK_BATCH_016,SYN_16_001,mixed_leakage,1.0,600373.895378,0.273456,2,0.20730101142235288,164175.84393448636,124458.11574343727,0.0661549885776471,39717.728191049086
synthetic::LEAK_BATCH_016::002,LEAK_BATCH_016,SYN_16_002,mixed_leakage,1.0,579148.378769,0.238996,2,0.23889898717808195,138414.1459322759,138357.96111374226,9.701282191804106e-05,56.18481853362755
synthetic::LEAK_BATCH_016::003,LEAK_BATCH_016,SYN_16_003,mixed_leakage,1.0,712151.261231,0.231944,2,0.23522200844317553,165179.21213496305,167513.64998209637,0.003278008443175523,2334.4378471333184
synthetic::LEAK_BATCH_016::004,LEAK_BATCH_016,SYN_16_004,mixed_leakage,1.0,521253.406762,0.259591,2,0.20480304139585542,135312.69311475434,106754.28304280854,0.05478795860414459,28558.410071945793
synthetic::LEAK_BATCH_016::005,LEAK_BATCH_016,SYN_16_005,mixed_leakage,1.0,558988.311963,0.248825,2,0.2447341042455871,139090.26672419347,136803.5038120176,0.004090895754412904,2286.76291217588
synthetic::LEAK_BATCH_016::006,LEAK_BATCH_016,SYN_16_006,mixed_leakage,1.0,676089.2985,0.249747,2,0.2359056069899233,168851.2740324795,159493.25634203394,0.013841393010076697,9358.017690445558
synthetic::LEAK_BATCH_016::007,LEAK_BATCH_016,SYN_16_007,mixed_leakage,1.0,674500.151734,0.261288,2,0.2238883813364293,176238.7956462734,151012.7471829012,0.03739961866357072,25226.048463372194
synthetic::LEAK_BATCH_016::008,LEAK_BATCH_016,SYN_16_008,mixed_leakage,1.0,725215.45049,0.255736,2,0.22590592865847425,185463.69844651065,163830.4698204172,0.029830071341525766,21633.22862609345
synthetic::LEAK_BATCH_016::009,LEAK_BATCH_016,SYN_16_009,mixed_leakage,1.0,595156.206879,0.23492,2,0.23615159806436203,139814.09612001467,140547.0893523999,0.0012315980643620439,732.9932323852263
synthetic::LEAK_BATCH_016::010,LEAK_BATCH_016,SYN_16_010,mixed_leakage,1.0,602207.713082,0.239522,2,0.22057871530055273,144241.99585282683,132834.20369571142,0.018943284699447283,11407.792157115415
synthetic::LEAK_BATCH_016::011,LEAK_BATCH_016,SYN_16_011,mixed_leakage,1.0,644042.441062,0.251466,2,0.24015859490178126,161954.77648409692,154672.3277025632,0.011307405098218759,7282.44878153372
synthetic::LEAK_BATCH_016::012,LEAK_BATCH_016,SYN_16_012,mixed_leakage,1.0,594576.800286,0.235389,2,0.21949169135569202,139956.83844252126,130504.66753562965,0.015897308644307967,9452.17090689161
synthetic::LEAK_BATCH_016::013,LEAK_BATCH_016,SYN_16_013,mixed_leakage,1.0,602611.820196,0.238708,2,0.21990054907909887,143848.2623753468,132514.6701426556,0.018807450920901136,11333.592232691182
synthetic::LEAK_BATCH_016::014,LEAK_BATCH_016,SYN_16_014,mixed_leakage,1.0,587878.924811,0.234977,2,0.23380689003555197,138138.02611531434,137450.143127504,0.001170109964448024,687.8829878103279
synthetic::LEAK_BATCH_016::015,LEAK_BATCH_016,SYN_16_015,mixed_leakage,1.0,553816.555352,0.278805,2,0.23344137249195862,154406.8247149144,129283.69679013967,0.045363627508041404,25123.12792477473
synthetic::LEAK_BATCH_016::016,LEAK_BATCH_016,SYN_16_016,mixed_leakage,1.0,624822.924946,0.249123,2,0.24543783965592567,155657.76153132235,153355.18886624282,0.0036851603440743452,2302.572665079526
synthetic::LEAK_BATCH_016::017,LEAK_BATCH_016,SYN_16_017,mixed_leakage,1.0,543869.138035,0.253728,2,0.23439899085424482,137994.82865534446,127482.37711217196,0.019329009145755194,10512.451543172501
synthetic::LEAK_BATCH_016::018,LEAK_BATCH_016,SYN_16_018,mixed_leakage,1.0,669485.969807,0.281403,2,0.23596505476918067,188395.36036159925,157975.2935327068,0.04543794523081934,30420.06682889245
synthetic::LEAK_BATCH_016::019,LEAK_BATCH_016,SYN_16_019,mixed_leakage,1.0,517625.632476,0.224927,2,0.24301294928320732,116427.98063592924,125789.7315725783,0.018085949283207337,9361.750936649056
synthetic::LEAK_BATCH_016::020,LEAK_BATCH_016,SYN_16_020,mixed_leakage,1.0,616281.920574,0.232225,2,0.2480200856532342,143116.06900529715,152850.29472730315,0.015795085653234203,9734.225722005998
synthetic::LEAK_BATCH_017::001,LEAK_BATCH_017,SYN_17_001,reference_stress,1.0,522802.813281,0.043427,2,0.2648197221212309,22703.757772353987,138448.49573727217,0.2213927221212309,115744.73796491818
synthetic::LEAK_BATCH_017::002,LEAK_BATCH_017,SYN_17_002,reference_stress,1.0,447819.099756,0.09511,2,0.17806227831487703,42592.07457779316,79739.68917547054,0.08295227831487703,37147.614597677384
synthetic::LEAK_BATCH_017::003,LEAK_BATCH_017,SYN_17_003,reference_stress,1.0,498303.126974,0.045641,2,0.24974567010209509,22743.053018220337,124449.04836009101,0.2041046701020951,101705.99534187067
synthetic::LEAK_BATCH_017::004,LEAK_BATCH_017,SYN_17_004,reference_stress,1.0,491467.064207,0.040559,2,0.24989040483189956,19933.412657171713,122812.90363623241,0.20933140483189955,102879.4909790607
synthetic::LEAK_BATCH_017::005,LEAK_BATCH_017,SYN_17_005,reference_stress,1.0,435707.658689,0.065852,2,0.26651737384347246,28692.220739988024,116123.66095728031,0.20066537384347247,87431.44021729229
synthetic::LEAK_BATCH_017::006,LEAK_BATCH_017,SYN_17_006,reference_stress,1.0,546747.771023,0.065092,2,0.25153686090527316,35588.905911429116,137527.2180300805,0.18644486090527318,101938.31211865137
synthetic::LEAK_BATCH_017::007,LEAK_BATCH_017,SYN_17_007,reference_stress,1.0,415960.542951,0.066211,2,0.23291664756233565,27541.16350932866,96884.13518235585,0.16670564756233563,69342.97167302719
synthetic::LEAK_BATCH_017::008,LEAK_BATCH_017,SYN_17_008,reference_stress,1.0,522468.877856,0.050586,2,0.24777666626035422,26429.610655223616,129455.59677994788,0.19719066626035422,103025.98612472427
synthetic::LEAK_BATCH_017::009,LEAK_BATCH_017,SYN_17_009,reference_stress,1.0,427019.488795,0.066567,2,0.22737401864463047,28425.406310616767,97093.1372068949,0.16080701864463048,68667.73089627814
synthetic::LEAK_BATCH_017::010,LEAK_BATCH_017,SYN_17_010,reference_stress,1.0,534286.350722,0.04,2,0.2726714415173581,21371.45402888,145684.6294344165,0.2326714415173581,124313.1754055365
synthetic::LEAK_BATCH_017::011,LEAK_BATCH_017,SYN_17_011,reference_stress,1.0,440711.927314,0.06838,2,0.21798495917409472,30135.881589731318,96068.57148307888,0.14960495917409472,65932.68989334756
synthetic::LEAK_BATCH_017::012,LEAK_BATCH_017,SYN_17_012,reference_stress,1.0,487992.351945,0.041712,2,0.24606207983387357,20355.136984329838,120076.41306261031,0.20435007983387357,99721.27607828047
synthetic::LEAK_BATCH_017::013,LEAK_BATCH_017,SYN_17_013,reference_stress,1.0,449836.313651,0.044735,2,0.255578815569431,20123.42749117748,114968.63224304165,0.21084381556943102,94845.20475186416
synthetic::LEAK_BATCH_017::014,LEAK_BATCH_017,SYN_17_014,reference_stress,1.0,460304.633582,0.041037,2,0.26370328326213,18889.521248304532,121383.8431763451,0.22266628326213,102494.32192804056
synthetic::LEAK_BATCH_017::015,LEAK_BATCH_017,SYN_17_015,reference_stress,1.0,565588.36061,0.053837,2,0.2248158576247057,30449.58057016057,127153.23235308846,0.17097885762470572,96703.65178292789
synthetic::LEAK_BATCH_017::016,LEAK_BATCH_017,SYN_17_016,reference_stress,1.0,422608.915479,0.077925,2,0.2671282048226288,32931.79973870108,112890.76093394333,0.18920320482262878,79958.96119524224
synthetic::LEAK_BATCH_017::017,LEAK_BATCH_017,SYN_17_017,reference_stress,1.0,435708.170153,0.075794,2,0.21609774540034227,33024.06504857648,94155.553222572,0.14030374540034227,61131.488173995516
synthetic::LEAK_BATCH_017::018,LEAK_BATCH_017,SYN_17_018,reference_stress,1.0,471275.337214,0.04,2,0.2409016602160708,18851.013488560002,113531.01115374122,0.20090166021607078,94679.99766518122
synthetic::LEAK_BATCH_017::019,LEAK_BATCH_017,SYN_17_019,reference_stress,1.0,545755.29682,0.045063,2,0.26461343107135,24593.370940599663,144414.18161690322,0.21955043107135,119820.81067630356
synthetic::LEAK_BATCH_017::020,LEAK_BATCH_017,SYN_17_020,reference_stress,1.0,456926.326329,0.070929,2,0.2157300354185379,32409.327400189643,98572.73256261759,0.1448010354185379,66163.40516242795
anchor::LEAK_BATCH_001,LEAK_BATCH_001,LEAK_BATCH_001,control_clean,3.0,498135.608,0.0,3,0.14669370811614327,0.0,73073.35948220956,0.14669370811614327,73073.35948220956
anchor::LEAK_BATCH_002,LEAK_BATCH_002,LEAK_BATCH_002,control_clean,3.0,533178.793,0.0,3,0.12660292943191878,0.0,67501.99710477462,0.12660292943191878,67501.99710477462
anchor::LEAK_BATCH_007,LEAK_BATCH_007,LEAK_BATCH_007,unmatched_heavy,3.0,591358.607,0.37,3,0.18797572379272542,218802.68459,111161.06217188286,0.18202427620727457,107641.62241811713
anchor::LEAK_BATCH_012,LEAK_BATCH_012,LEAK_BATCH_012,under_heavy,3.0,621342.62,0.05,3,0.19327315803450942,31067.131,120088.85038883613,0.1432731580345094,89021.71938883612
synthetic::LEAK_BATCH_001::001,LEAK_BATCH_001,SYN_01_001,control_clean,1.0,502700.975224,0.003487,3,0.007765966467151414,1752.918300606088,3903.958916593898,0.004278966467151413,2151.04061598781
synthetic::LEAK_BATCH_001::002,LEAK_BATCH_001,SYN_01_002,control_clean,1.0,507435.551968,0.007682,3,0.013690298466278367,3898.119910218176,6946.944158842627,0.006008298466278367,3048.8242486244512
synthetic::LEAK_BATCH_001::003,LEAK_BATCH_001,SYN_01_003,control_clean,1.0,468563.297226,0.0,3,0.02084094415150324,0.0,9765.30150893128,0.02084094415150324,9765.30150893128
synthetic::LEAK_BATCH_001::004,LEAK_BATCH_001,SYN_01_004,control_clean,1.0,524773.893018,0.0,3,0.005317053688978307,0.0,2790.2509637508642,0.005317053688978307,2790.2509637508642
synthetic::LEAK_BATCH_001::005,LEAK_BATCH_001,SYN_01_005,control_clean,1.0,509412.603912,0.006562,3,0.0064263683125850846,3342.7655068705444,3273.673015811534,0.00013563168741491556,69.09249105901063
synthetic::LEAK_BATCH_001::006,LEAK_BATCH_001,SYN_01_006,control_clean,1.0,448899.888186,0.002725,3,0.00475604238477309,1223.25219530685,2134.986894732517,0.0020310423847730904,911.7346994256673
synthetic::LEAK_BATCH_001::007,LEAK_BATCH_001,SYN_01_007,control_clean,1.0,438038.868637,0.004961,3,0.018714994866193616,2173.110827308157,8197.895177734714,0.013753994866193615,6024.784350426557
synthetic::LEAK_BATCH_001::008,LEAK_BATCH_001,SYN_01_008,control_clean,1.0,467957.100483,0.000674,3,0.0034674141586019114,315.403085725542,1622.6010758330515,0.0027934141586019113,1307.1979901075094
synthetic::LEAK_BATCH_001::009,LEAK_BATCH_001,SYN_01_009,control_clean,1.0,498704.767361,0.006,3,0.008408456866133507,2992.228604166,4193.337525290113,0.0024084568661335067,1201.1089211241133
synthetic::LEAK_BATCH_001::010,LEAK_BATCH_001,SYN_01_010,control_clean,1.0,519976.434249,0.002631,3,0.004440683135134071,1368.057998509119,2309.0505822366845,0.0018096831351340713,940.9925837275655
synthetic::LEAK_BATCH_001::011,LEAK_BATCH_001,SYN_01_011,control_clean,1.0,461130.920813,0.009977,3,0.006881884299508534,4600.703196951301,3173.449643960898,0.003095115700491466,1427.253552990403
synthetic::LEAK_BATCH_001::012,LEAK_BATCH_001,SYN_01_012,control_clean,1.0,443317.80597,0.0,3,0.006160070377325716,0.0,2730.8688842968263,0.006160070377325716,2730.8688842968263
synthetic::LEAK_BATCH_001::013,LEAK_BATCH_001,SYN_01_013,control_clean,1.0,468226.916592,0.0,3,0.01518455949123014,0.0,7109.8194703864765,0.01518455949123014,7109.8194703864765
synthetic::LEAK_BATCH_001::014,LEAK_BATCH_001,SYN_01_014,control_clean,1.0,487844.582731,0.0,3,0.00963265283986428,0.0,4699.237505256172,0.00963265283986428,4699.237505256172
synthetic::LEAK_BATCH_001::015,LEAK_BATCH_001,SYN_01_015,control_clean,1.0,486268.57607,0.0,3,0.017137544276734237,0.0,8333.449252784136,0.017137544276734237,8333.449252784136
synthetic::LEAK_BATCH_001::016,LEAK_BATCH_001,SYN_01_016,control_clean,1.0,468639.772035,0.01892,3,0.006442273024902301,8866.664486902198,3019.105361777444,0.012477726975097699,5847.559125124754
synthetic::LEAK_BATCH_001::017,LEAK_BATCH_001,SYN_01_017,control_clean,1.0,468529.147078,0.016121,3,0.011340861487168868,7553.158380044438,5313.524159712969,0.0047801385128311315,2239.634220331469
synthetic::LEAK_BATCH_001::018,LEAK_BATCH_001,SYN_01_018,control_clean,1.0,458066.878114,0.018451,3,0.00992071875994624,8451.791968081414,4544.3526710155675,0.008530281240053759,3907.4392970658464
synthetic::LEAK_BATCH_001::019,LEAK_BATCH_001,SYN_01_019,control_clean,1.0,497757.553964,0.010074,3,0.00847915962210985,5014.409598633336,4220.565753171713,0.0015948403778901499,793.8438454616225
synthetic::LEAK_BATCH_001::020,LEAK_BATCH_001,SYN_01_020,control_clean,1.0,485088.752897,0.002176,3,0.00901937711736056,1055.553126303872,4375.198397768173,0.006843377117360561,3319.645271464301
synthetic::LEAK_BATCH_002::001,LEAK_BATCH_002,SYN_02_001,control_clean,1.0,545505.201268,0.008259,3,0.0035389364990437433,4505.327457272412,1930.5082671855282,0.004720063500956257,2574.819190086884
synthetic::LEAK_BATCH_002::002,LEAK_BATCH_002,SYN_02_002,control_clean,1.0,524576.745938,0.009651,3,0.005968208504990136,5062.690175047638,3130.7833966272215,0.003682791495009864,1931.9067784204167
synthetic::LEAK_BATCH_002::003,LEAK_BATCH_002,SYN_02_003,control_clean,1.0,488621.937804,0.011682,3,0.005182331314559918,5708.081477426328,2532.200769262618,0.0064996686854400815,3175.88070816371
synthetic::LEAK_BATCH_002::004,LEAK_BATCH_002,SYN_02_004,control_clean,1.0,592801.946724,0.002017,3,0.031910491048443346,1195.6815265423081,18916.601214435992,0.029893491048443344,17720.919687893685
synthetic::LEAK_BATCH_002::005,LEAK_BATCH_002,SYN_02_005,control_clean,1.0,521065.0276,0.009187,3,0.006284393608700728,4787.0244085612,3274.5777291669083,0.0029026063912992728,1512.446679394292
synthetic::LEAK_BATCH_002::006,LEAK_BATCH_002,SYN_02_006,control_clean,1.0,518631.957944,0.0,3,0.00914061920653056,0.0,4740.617235903475,0.00914061920653056,4740.617235903475
synthetic::LEAK_BATCH_002::007,LEAK_BATCH_002,SYN_02_007,control_clean,1.0,463841.227243,0.003972,3,0.0,1842.377354609196,0.0,0.003972,1842.377354609196
synthetic::LEAK_BATCH_002::008,LEAK_BATCH_002,SYN_02_008,control_clean,1.0,485330.373833,0.013632,3,0.007832651112314098,6616.023656091456,3801.4234924428647,0.0057993488876859015,2814.6001636485917
synthetic::LEAK_BATCH_002::009,LEAK_BATCH_002,SYN_02_009,control_clean,1.0,478591.539121,0.008561,3,0.000494475844730724,4097.22216641488,236.6519555878338,0.008066524155269275,3860.570210827046
synthetic::LEAK_BATCH_002::010,LEAK_BATCH_002,SYN_02_010,control_clean,1.0,506713.990636,0.0,3,0.007900416755676098,0.0,4003.251701956156,0.007900416755676098,4003.251701956156
synthetic::LEAK_BATCH_002::011,LEAK_BATCH_002,SYN_02_011,control_clean,1.0,484153.287214,0.0,3,0.008465113761116083,0.0,4098.412654084819,0.008465113761116083,4098.412654084819
synthetic::LEAK_BATCH_002::012,LEAK_BATCH_002,SYN_02_012,control_clean,1.0,532301.893014,0.0,3,0.0208811803670311,0.0,11115.091837737426,0.0208811803670311,11115.091837737426
synthetic::LEAK_BATCH_002::013,LEAK_BATCH_002,SYN_02_013,control_clean,1.0,477368.447143,0.0,3,0.005046720633344909,0.0,2409.1451919043966,0.005046720633344909,2409.1451919043966
synthetic::LEAK_BATCH_002::014,LEAK_BATCH_002,SYN_02_014,control_clean,1.0,527913.596898,0.0,3,0.003544766554923001,0.0,1871.3304621731334,0.003544766554923001,1871.3304621731334
synthetic::LEAK_BATCH_002::015,LEAK_BATCH_002,SYN_02_015,control_clean,1.0,532353.779301,0.0,3,0.021717178664777,0.0,11561.22213794908,0.021717178664777,11561.22213794908
synthetic::LEAK_BATCH_002::016,LEAK_BATCH_002,SYN_02_016,control_clean,1.0,573355.102559,0.0,3,0.02782197010223604,0.0,15951.868521360977,0.02782197010223604,15951.868521360977
synthetic::LEAK_BATCH_002::017,LEAK_BATCH_002,SYN_02_017,control_clean,1.0,484831.776797,0.0,3,0.0043012904312070555,0.0,2085.402282282051,0.0043012904312070555,2085.402282282051
synthetic::LEAK_BATCH_002::018,LEAK_BATCH_002,SYN_02_018,control_clean,1.0,566696.454991,0.0,3,0.005375131415129297,0.0,3046.0679180645297,0.005375131415129297,3046.0679180645297
synthetic::LEAK_BATCH_002::019,LEAK_BATCH_002,SYN_02_019,control_clean,1.0,501377.659842,0.0,3,0.0032760262152408404,0.0,1642.5263573784966,0.0032760262152408404,1642.5263573784966
synthetic::LEAK_BATCH_002::020,LEAK_BATCH_002,SYN_02_020,control_clean,1.0,534093.217643,0.0,3,0.002278029046286184,0.0,1216.6798632152024,0.002278029046286184,1216.6798632152024
synthetic::LEAK_BATCH_007::001,LEAK_BATCH_007,SYN_07_001,unmatched_heavy,1.0,588255.218501,0.357183,3,0.3115067582208748,210114.76370984266,183245.47612175887,0.04567624177912516,26869.287588083796
synthetic::LEAK_BATCH_007::002,LEAK_BATCH_007,SYN_07_002,unmatched_heavy,1.0,570993.140567,0.35438,3,0.3351878458867888,202348.54915413345,191389.96080278512,0.01919215411321118,10958.588351348328
synthetic::LEAK_BATCH_007::003,LEAK_BATCH_007,SYN_07_003,unmatched_heavy,1.0,559977.865193,0.372201,3,0.31784830219484383,208424.32140269977,177988.01371828816,0.05435269780515617,30436.307684411615
synthetic::LEAK_BATCH_007::004,LEAK_BATCH_007,SYN_07_004,unmatched_heavy,1.0,620558.196102,0.375545,3,0.30079010443469834,233047.52775512557,186657.7646133286,0.07475489556530168,46389.76314179698
synthetic::LEAK_BATCH_007::005,LEAK_BATCH_007,SYN_07_005,unmatched_heavy,1.0,745565.022194,0.356417,3,0.3161407212562279,265732.0485153189,235703.4638598267,0.0402762787437721,30028.584655492188
synthetic::LEAK_BATCH_007::006,LEAK_BATCH_007,SYN_07_006,unmatched_heavy,1.0,532766.989316,0.386278,3,0.33219981521769393,205796.16709900586,176985.0954048623,0.05407818478230608,28811.071694143553
synthetic::LEAK_BATCH_007::007,LEAK_BATCH_007,SYN_07_007,unmatched_heavy,1.0,552213.167979,0.376333,3,0.3086658778936031,207816.038145041,170449.36227864577,0.06766712210639686,37366.675866395235
synthetic::LEAK_BATCH_007::008,LEAK_BATCH_007,SYN_07_008,unmatched_heavy,1.0,674124.646821,0.370224,3,0.31333103893111575,249577.1232446579,211224.1759574954,0.05689296106888425,38352.947287162504
synthetic::LEAK_BATCH_007::009,LEAK_BATCH_007,SYN_07_009,unmatched_heavy,1.0,578722.912562,0.368372,3,0.31076612483048793,213185.31674628906,179847.47688750605,0.057605875169512044,33337.839858783
synthetic::LEAK_BATCH_007::010,LEAK_BATCH_007,SYN_07_010,unmatched_heavy,1.0,612884.005236,0.380903,3,0.30958723512958486,233449.35624640813,189741.06463615928,0.07131576487041513,43708.29161024885
synthetic::LEAK_BATCH_007::011,LEAK_BATCH_007,SYN_07_011,unmatched_heavy,1.0,651016.902227,0.372493,3,0.3098005258692813,242499.2389612419,201685.3786597151,0.06269247413071871,40813.860301526816
synthetic::LEAK_BATCH_007::012,LEAK_BATCH_007,SYN_07_012,unmatched_heavy,1.0,599173.640008,0.364773,3,0.32209208331098643,218562.3661866382,192989.08597520372,0.04268091668901358,25573.280211434467
synthetic::LEAK_BATCH_007::013,LEAK_BATCH_007,SYN_07_013,unmatched_heavy,1.0,555231.03218,0.371061,3,0.3138985620456058,206024.58203174296,174286.22260439946,0.057162437954394185,31738.3594273435
synthetic::LEAK_BATCH_007::014,LEAK_BATCH_007,SYN_07_014,unmatched_heavy,1.0,587468.444534,0.370939,3,0.3407936563947319,217914.95734699743,200205.51922926764,0.030145343605268105,17709.43811772979
synthetic::LEAK_BATCH_007::015,LEAK_BATCH_007,SYN_07_015,unmatched_heavy,1.0,610035.178741,0.354493,3,0.32334114982331696,216253.20061743332,197249.47612678763,0.031151850176683038,19003.72449064569
synthetic::LEAK_BATCH_007::016,LEAK_BATCH_007,SYN_07_016,unmatched_heavy,1.0,594822.087235,0.381461,3,0.32489104731151963,226901.4282187503,193252.37088580325,0.05656995268848036,33649.057332947064
synthetic::LEAK_BATCH_007::017,LEAK_BATCH_007,SYN_07_017,unmatched_heavy,1.0,534694.518834,0.358713,3,0.31613928666986935,191801.87493450064,169037.94377046978,0.04257371333013066,22763.93116403086
synthetic::LEAK_BATCH_007::018,LEAK_BATCH_007,SYN_07_018,unmatched_heavy,1.0,629719.463359,0.346597,3,0.3240267547056692,218258.87684183934,204045.95408721236,0.02257024529433077,14212.922754626983
synthetic::LEAK_BATCH_007::019,LEAK_BATCH_007,SYN_07_019,unmatched_heavy,1.0,584133.211035,0.379827,3,0.3163792060739141,221869.56514779097,184807.60154865944,0.0634477939260859,37061.96359913153
synthetic::LEAK_BATCH_007::020,LEAK_BATCH_007,SYN_07_020,unmatched_heavy,1.0,645291.308298,0.364837,3,0.29988696375491464,235426.14504551745,193514.45118292377,0.06495003624508539,41911.693862593675
synthetic::LEAK_BATCH_012::001,LEAK_BATCH_012,SYN_12_001,under_heavy,1.0,585435.503617,0.070652,3,0.033627424496599057,41362.18920154828,19686.68819550911,0.03702457550340095,21675.501006039172
synthetic::LEAK_BATCH_012::002,LEAK_BATCH_012,SYN_12_002,under_heavy,1.0,633660.228453,0.036857,3,0.09443602423715494,23354.81504009222,59840.35269230864,0.05757902423715494,36485.537652216415
synthetic::LEAK_BATCH_012::003,LEAK_BATCH_012,SYN_12_003,under_heavy,1.0,629028.397533,0.047513,3,0.0897948944320464,29887.02625198543,56483.53855123505,0.0422818944320464,26596.512299249618
synthetic::LEAK_BATCH_012::004,LEAK_BATCH_012,SYN_12_004,under_heavy,1.0,622469.306184,0.064534,3,0.06073126005989017,40170.43420527825,37803.3453131599,0.0038027399401098227,2367.0888921183505
synthetic::LEAK_BATCH_012::005,LEAK_BATCH_012,SYN_12_005,under_heavy,1.0,626594.478835,0.051357,3,0.13845312570054027,32180.012649529093,86753.96414140677,0.08709612570054028,54573.951491877684
synthetic::LEAK_BATCH_012::006,LEAK_BATCH_012,SYN_12_006,under_heavy,1.0,581424.432504,0.045725,3,0.22870635968285463,26585.632176245403,132975.46538865948,0.18298135968285462,106389.83321241407
synthetic::LEAK_BATCH_012::007,LEAK_BATCH_012,SYN_12_007,under_heavy,1.0,619155.7277,0.067025,3,0.10033852874925221,41498.912649092505,62125.17478409063,0.03331352874925221,20626.262134998127
synthetic::LEAK_BATCH_012::008,LEAK_BATCH_012,SYN_12_008,under_heavy,1.0,682811.788165,0.057289,3,0.04247268955655509,39117.60453218468,29000.8531042883,0.014816310443444912,10116.751427896383
synthetic::LEAK_BATCH_012::009,LEAK_BATCH_012,SYN_12_009,under_heavy,1.0,702981.613549,0.053523,3,0.09108738133104838,37625.68490198313,64032.75430205345,0.03756438133104838,26407.069400070322
synthetic::LEAK_BATCH_012::010,LEAK_BATCH_012,SYN_12_010,under_heavy,1.0,677170.680771,0.087777,3,0.11552590242513526,59440.010846036064,78230.75399191296,0.027748902425135266,18790.7431458769
synthetic::LEAK_BATCH_012::011,LEAK_BATCH_012,SYN_12_011,under_heavy,1.0,574883.066652,0.052362,3,0.17159085586736933,30102.027136032022,98644.67743047459,0.11922885586736934,68542.65029444257
synthetic::LEAK_BATCH_012::012,LEAK_BATCH_012,SYN_12_012,under_heavy,1.0,601267.229584,0.0516,3,0.10118847649317651,31025.389046534397,60841.314926877945,0.04958847649317651,29815.925880343548
synthetic::LEAK_BATCH_012::013,LEAK_BATCH_012,SYN_12_013,under_heavy,1.0,564537.840907,0.060933,3,0.09419010825033787,34398.98425998623,53173.88034644235,0.03325710825033787,18774.896086456116
synthetic::LEAK_BATCH_012::014,LEAK_BATCH_012,SYN_12_014,under_heavy,1.0,569265.026644,0.050824,3,0.03309290079564646,28932.325714154656,18838.63105316093,0.01773109920435354,10093.694660993726
synthetic::LEAK_BATCH_012::015,LEAK_BATCH_012,SYN_12_015,under_heavy,1.0,623692.401412,0.053322,3,0.08246384172700927,33256.52622809066,51432.071476377496,0.029141841727009267,18175.545248286835
synthetic::LEAK_BATCH_012::016,LEAK_BATCH_012,SYN_12_016,under_heavy,1.0,645259.020407,0.048746,3,0.08805513784973384,31453.79620875962,56818.371990722604,0.03930913784973385,25364.575781962983
synthetic::LEAK_BATCH_012::017,LEAK_BATCH_012,SYN_12_017,under_heavy,1.0,605597.50594,0.063761,3,0.09337254799530365,38613.50257624034,56546.18218921883,0.029611547995303647,17932.679612978493
synthetic::LEAK_BATCH_012::018,LEAK_BATCH_012,SYN_12_018,under_heavy,1.0,624989.084524,0.053969,3,0.04877037072058282,33730.03590267576,30480.94934855315,0.00519862927941718,3249.0865541226085
synthetic::LEAK_BATCH_012::019,LEAK_BATCH_012,SYN_12_019,under_heavy,1.0,603813.714203,0.047627,3,0.061290443575181805,28757.83576634628,37008.01038027992,0.013663443575181802,8250.17461393364
synthetic::LEAK_BATCH_012::020,LEAK_BATCH_012,SYN_12_020,under_heavy,1.0,578060.606072,0.043298,3,0.27295545175166996,25028.868121705458,157784.7938702269,0.22965745175166996,132755.92574852143
anchor::LEAK_BATCH_003,LEAK_BATCH_003,LEAK_BATCH_003,control_clean,3.0,505403.628,0.0,4,0.05598167878461502,0.0,28293.34355927506,0.05598167878461502,28293.34355927506
anchor::LEAK_BATCH_008,LEAK_BATCH_008,LEAK_BATCH_008,unmatched_heavy,3.0,497407.029,0.35,4,0.03843063863999495,174092.46014999997,19115.669788492487,0.311569361360005,154976.79036150748
anchor::LEAK_BATCH_013,LEAK_BATCH_013,LEAK_BATCH_013,mixed_leakage,3.0,593106.237,0.25,4,0.1573764704624141,148276.55925,93340.96618830407,0.0926235295375859,54935.59306169592
synthetic::LEAK_BATCH_003::001,LEAK_BATCH_003,SYN_03_001,control_clean,1.0,515882.155814,0.011351,4,0.0050223320029939705,5855.778350644714,2590.9314609181743,0.0063286679970060294,3264.8468897265398
synthetic::LEAK_BATCH_003::002,LEAK_BATCH_003,SYN_03_002,control_clean,1.0,474409.953412,0.0,4,0.00274883704292897,0.0,1304.0756534731124,0.00274883704292897,1304.0756534731124
synthetic::LEAK_BATCH_003::003,LEAK_BATCH_003,SYN_03_003,control_clean,1.0,574817.313905,0.001586,4,0.005194277084859991,911.66025985333,2985.760401597514,0.0036082770848599914,2074.100141744184
synthetic::LEAK_BATCH_003::004,LEAK_BATCH_003,SYN_03_004,control_clean,1.0,542348.140453,0.001419,4,0.0018491454546756964,769.5920113028069,1002.880598770481,0.00043014545467569645,233.28858746767412
synthetic::LEAK_BATCH_003::005,LEAK_BATCH_003,SYN_03_005,control_clean,1.0,451498.63285,0.006565,4,4.2394569269701976e-05,2964.0885246602497,19.141090065535064,0.006522605430730298,2944.9474345947147
synthetic::LEAK_BATCH_003::006,LEAK_BATCH_003,SYN_03_006,control_clean,1.0,538169.077119,0.015187,4,0.008022754742123675,8173.173774206254,4317.598515520779,0.007164245257876326,3855.575258685475
synthetic::LEAK_BATCH_003::007,LEAK_BATCH_003,SYN_03_007,control_clean,1.0,435731.047771,0.0,4,0.002451230463751286,0.0,1068.0772182985422,0.002451230463751286,1068.0772182985422
synthetic::LEAK_BATCH_003::008,LEAK_BATCH_003,SYN_03_008,control_clean,1.0,540664.524985,0.0,4,0.01000034592491715,0.0,5406.832279181012,0.01000034592491715,5406.832279181012
synthetic::LEAK_BATCH_003::009,LEAK_BATCH_003,SYN_03_009,control_clean,1.0,480247.505957,0.013449,4,0.0,6458.848707615693,0.0,0.013449,6458.848707615693
synthetic::LEAK_BATCH_003::010,LEAK_BATCH_003,SYN_03_010,control_clean,1.0,545778.329352,0.016599,4,0.01341527098091419,9059.374488913849,7321.764183767714,0.003183729019085809,1737.610305146135
synthetic::LEAK_BATCH_003::011,LEAK_BATCH_003,SYN_03_011,control_clean,1.0,472918.533026,0.0,4,0.00310183202013517,0.0,1466.9138486553989,0.00310183202013517,1466.9138486553989
synthetic::LEAK_BATCH_003::012,LEAK_BATCH_003,SYN_03_012,control_clean,1.0,467878.282548,0.02,4,0.0020026691119502255,9357.56565096,937.0053846111998,0.017997330888049775,8420.560266348799
synthetic::LEAK_BATCH_003::013,LEAK_BATCH_003,SYN_03_013,control_clean,1.0,503012.375014,0.004056,4,0.0008926484779573918,2040.2181930567838,449.01323094997986,0.003163351522042608,1591.204962106804
synthetic::LEAK_BATCH_003::014,LEAK_BATCH_003,SYN_03_014,control_clean,1.0,544745.237142,0.012338,4,0.0030234668849596635,6721.066735857996,1647.019185238336,0.009314533115040336,5074.04755061966
synthetic::LEAK_BATCH_003::015,LEAK_BATCH_003,SYN_03_015,control_clean,1.0,485491.550539,0.007069,4,0.0001926805746421817,3431.939770760191,93.54479094177832,0.006876319425357818,3338.3949798184126
synthetic::LEAK_BATCH_003::016,LEAK_BATCH_003,SYN_03_016,control_clean,1.0,486218.580422,0.006466,4,0.0031183940860998044,3143.8893410086525,1516.221145739807,0.003347605913900196,1627.6681952688455
synthetic::LEAK_BATCH_003::017,LEAK_BATCH_003,SYN_03_017,control_clean,1.0,450512.582236,0.001786,4,0.0030690293686362474,804.615471873496,1382.6363458224366,0.0012830293686362474,578.0208739489407
synthetic::LEAK_BATCH_003::018,LEAK_BATCH_003,SYN_03_018,control_clean,1.0,515269.943563,0.005745,4,0.0023240565944182556,2960.2258257694352,1197.5165102431126,0.0034209434055817445,1762.7093155263226
synthetic::LEAK_BATCH_003::019,LEAK_BATCH_003,SYN_03_019,control_clean,1.0,524258.059476,0.0,4,0.012232841948303236,0.0,6413.1659816940655,0.012232841948303236,6413.1659816940655
synthetic::LEAK_BATCH_003::020,LEAK_BATCH_003,SYN_03_020,control_clean,1.0,535182.921507,0.012729,4,0.005221981509778789,6812.343407862603,2794.715320458947,0.0075070184902212116,4017.628087403656
synthetic::LEAK_BATCH_008::001,LEAK_BATCH_008,SYN_08_001,unmatched_heavy,1.0,472684.6402,0.343515,4,0.17578896329760488,162374.264178303,83092.74286745937,0.16772603670239514,79281.52131084364
synthetic::LEAK_BATCH_008::002,LEAK_BATCH_008,SYN_08_002,unmatched_heavy,1.0,488378.353014,0.358456,4,0.2463445628748958,175062.1509079864,120309.35189079538,0.11211143712510419,54752.799017191006
synthetic::LEAK_BATCH_008::003,LEAK_BATCH_008,SYN_08_003,unmatched_heavy,1.0,462907.785811,0.349683,4,0.15118814680608456,161870.98326574793,69986.170278873,0.19849485319391547,91884.81298687492
synthetic::LEAK_BATCH_008::004,LEAK_BATCH_008,SYN_08_004,unmatched_heavy,1.0,549363.091735,0.353432,4,0.3380311071722139,194162.49623808454,185701.81413873256,0.015400892827786117,8460.68209935198
synthetic::LEAK_BATCH_008::005,LEAK_BATCH_008,SYN_08_005,unmatched_heavy,1.0,486766.061776,0.34485,4,0.2386665560272817,167861.2764034536,116174.77955504098,0.10618344397271828,51686.49684841263
synthetic::LEAK_BATCH_008::006,LEAK_BATCH_008,SYN_08_006,unmatched_heavy,1.0,482864.42029,0.358411,4,0.21625511137889175,173063.91974055918,104421.89899071795,0.14215588862110823,68642.02074984123
synthetic::LEAK_BATCH_008::007,LEAK_BATCH_008,SYN_08_007,unmatched_heavy,1.0,528419.050538,0.350676,4,0.25784083193529533,185303.87896646367,136248.00760117677,0.09283516806470465,49055.871365286905
synthetic::LEAK_BATCH_008::008,LEAK_BATCH_008,SYN_08_008,unmatched_heavy,1.0,525082.104459,0.367602,4,0.29977072753499723,193021.23176333733,157404.24446928187,0.06783127246500276,35616.98729405546
synthetic::LEAK_BATCH_008::009,LEAK_BATCH_008,SYN_08_009,unmatched_heavy,1.0,472996.774509,0.360054,4,0.27836545133098967,170304.38064906347,131665.96061430013,0.08168854866901032,38638.420034763345
synthetic::LEAK_BATCH_008::010,LEAK_BATCH_008,SYN_08_010,unmatched_heavy,1.0,509315.492576,0.347331,4,0.27456402730962537,176901.05935191465,139839.71281285217,0.07276697269037463,37061.34653906248
synthetic::LEAK_BATCH_008::011,LEAK_BATCH_008,SYN_08_011,unmatched_heavy,1.0,432459.28459,0.345658,4,0.1969865417134016,149483.01139281024,85188.65890323585,0.14867145828659842,64294.35248957439
synthetic::LEAK_BATCH_008::012,LEAK_BATCH_008,SYN_08_012,unmatched_heavy,1.0,518184.268511,0.359028,4,0.27561520463218075,186042.66155496732,142819.46320283617,0.08341279536781926,43223.19835213115
synthetic::LEAK_BATCH_008::013,LEAK_BATCH_008,SYN_08_013,unmatched_heavy,1.0,443538.253015,0.356375,4,0.23892987193011822,158065.94491822063,105974.53798898232,0.11744512806988178,52091.40692923831
synthetic::LEAK_BATCH_008::014,LEAK_BATCH_008,SYN_08_014,unmatched_heavy,1.0,505121.253777,0.33402,4,0.24217493691682163,168720.60118659353,122327.70776879082,0.09184506308317836,46392.89341780271
synthetic::LEAK_BATCH_008::015,LEAK_BATCH_008,SYN_08_015,unmatched_heavy,1.0,453398.670602,0.360182,4,0.2569085308054031,163306.03997476958,116481.98633348274,0.1032734691945969,46824.05364128684
synthetic::LEAK_BATCH_008::016,LEAK_BATCH_008,SYN_08_016,unmatched_heavy,1.0,472839.234354,0.346132,4,0.25976064576613545,163664.78986541874,122825.0248593601,0.08637135423386455,40839.765006058646
synthetic::LEAK_BATCH_008::017,LEAK_BATCH_008,SYN_08_017,unmatched_heavy,1.0,470646.930514,0.362162,4,0.2407248852106545,170450.43364881127,113296.42832272954,0.12143711478934549,57154.00532608174
synthetic::LEAK_BATCH_008::018,LEAK_BATCH_008,SYN_08_018,unmatched_heavy,1.0,544294.559118,0.373948,4,0.31944601753823765,203537.86179305785,173872.72927797594,0.054501982461762355,29665.132515081903
synthetic::LEAK_BATCH_008::019,LEAK_BATCH_008,SYN_08_019,unmatched_heavy,1.0,597226.74177,0.330256,4,0.3471514212020608,197237.7148299931,207328.11218533164,0.01689542120206078,10090.39735533853
synthetic::LEAK_BATCH_008::020,LEAK_BATCH_008,SYN_08_020,unmatched_heavy,1.0,446884.764372,0.350713,4,0.2387487743201491,156728.29636719724,106693.18975616363,0.1119642256798509,50035.10661103361
synthetic::LEAK_BATCH_013::001,LEAK_BATCH_013,SYN_13_001,mixed_leakage,1.0,661244.867498,0.254236,4,0.256026011985428,168112.25013322156,169295.88637134572,0.0017900119854279972,1183.6362381241634
synthetic::LEAK_BATCH_013::002,LEAK_BATCH_013,SYN_13_002,mixed_leakage,1.0,509715.265728,0.257787,4,0.18962801027710785,131397.96920622393,96656.29164786795,0.06815898972289214,34741.67755835598
synthetic::LEAK_BATCH_013::003,LEAK_BATCH_013,SYN_13_003,mixed_leakage,1.0,586205.973475,0.230102,4,0.24170154725599868,134887.16690854446,141686.89079961643,0.011599547255998682,6799.723891071975
synthetic::LEAK_BATCH_013::004,LEAK_BATCH_013,SYN_13_004,mixed_leakage,1.0,537621.87101,0.234161,4,0.2514716818052276,125890.07493757262,135196.67607815785,0.0173106818052276,9306.601140585233
synthetic::LEAK_BATCH_013::005,LEAK_BATCH_013,SYN_13_005,mixed_leakage,1.0,610767.632413,0.256174,4,0.2258087751263889,156462.78746576788,137916.69096202406,0.030365224873611124,18546.096503743815
synthetic::LEAK_BATCH_013::006,LEAK_BATCH_013,SYN_13_006,mixed_leakage,1.0,707193.636616,0.241393,4,0.25659315340016686,170711.5935236461,181461.04528383113,0.015200153400166866,10749.451760185038
synthetic::LEAK_BATCH_013::007,LEAK_BATCH_013,SYN_13_007,mixed_leakage,1.0,657682.719976,0.236037,4,0.266068642528164,155237.45617497512,174988.74851824492,0.030031642528163982,19751.2923432698
synthetic::LEAK_BATCH_013::008,LEAK_BATCH_013,SYN_13_008,mixed_leakage,1.0,705589.060873,0.252173,4,0.25800873055923335,177930.510247527,182048.13789232433,0.005835730559233365,4117.627644797321
synthetic::LEAK_BATCH_013::009,LEAK_BATCH_013,SYN_13_009,mixed_leakage,1.0,677401.902315,0.238062,4,0.27065587938808233,161263.65166891352,183342.80757022617,0.032593879388082336,22079.155901312653
synthetic::LEAK_BATCH_013::010,LEAK_BATCH_013,SYN_13_010,mixed_leakage,1.0,591278.279509,0.252579,4,0.2460627831376579,149344.4765601037,145491.57906483053,0.006516216862342106,3852.8974952731805
synthetic::LEAK_BATCH_013::011,LEAK_BATCH_013,SYN_13_011,mixed_leakage,1.0,551595.773803,0.235491,4,0.24179498399353325,129895.84036864227,133373.09129759695,0.006303983993533241,3477.250928954687
synthetic::LEAK_BATCH_013::012,LEAK_BATCH_013,SYN_13_012,mixed_leakage,1.0,691241.505792,0.246071,4,0.23170668689133064,170094.48857174325,160165.27914883886,0.014364313108669369,9929.209422904387
synthetic::LEAK_BATCH_013::013,LEAK_BATCH_013,SYN_13_013,mixed_leakage,1.0,604899.972522,0.268497,4,0.2516736242925562,162413.8279222394,152237.36841907937,0.0168233757074438,10176.459503160033
synthetic::LEAK_BATCH_013::014,LEAK_BATCH_013,SYN_13_014,mixed_leakage,1.0,547534.490048,0.276658,4,0.2325446652673693,151479.7969476996,127326.2247105519,0.04411333473263071,24153.572237147688
synthetic::LEAK_BATCH_013::015,LEAK_BATCH_013,SYN_13_015,mixed_leakage,1.0,661043.939871,0.239631,4,0.2386793400046893,158406.6203552276,157777.5312825098,0.0009516599953107163,629.0890727178194
synthetic::LEAK_BATCH_013::016,LEAK_BATCH_013,SYN_13_016,mixed_leakage,1.0,647695.167456,0.251962,4,0.22766152369333043,163194.56978254867,147455.26871183977,0.024300476306669594,15739.301070708898
synthetic::LEAK_BATCH_013::017,LEAK_BATCH_013,SYN_13_017,mixed_leakage,1.0,577635.943909,0.231413,4,0.27456235102041915,133672.46668781343,158597.082793554,0.04314935102041914,24924.61610574057
synthetic::LEAK_BATCH_013::018,LEAK_BATCH_013,SYN_13_018,mixed_leakage,1.0,693232.550472,0.257178,4,0.2587330628518227,178284.16086528802,179362.1810522013,0.001555062851822664,1078.020186913287
synthetic::LEAK_BATCH_013::019,LEAK_BATCH_013,SYN_13_019,mixed_leakage,1.0,619048.031329,0.260562,4,0.23477216001299578,161300.3931391469,145335.24346690203,0.025789839987004237,15965.14967224488
synthetic::LEAK_BATCH_013::020,LEAK_BATCH_013,SYN_13_020,mixed_leakage,1.0,600551.286066,0.216725,4,0.24027320066223373,130154.47747265385,144296.37966489856,0.02354820066223373,14141.902192244714
anchor::LEAK_BATCH_004,LEAK_BATCH_004,LEAK_BATCH_004,control_clean,3.0,558401.213,0.0,5,0.13638396058596505,0.0,76156.96902494707,0.13638396058596505,76156.96902494707
anchor::LEAK_BATCH_009,LEAK_BATCH_009,LEAK_BATCH_009,under_heavy,3.0,558586.185,0.05,5,0.134924650441277,27929.309250000006,75367.0457524515,0.08492465044127699,47437.73650245149
anchor::LEAK_BATCH_014,LEAK_BATCH_014,LEAK_BATCH_014,mixed_leakage,3.0,582756.009,0.22,5,0.13945180221587813,128206.32198,81266.3757071825,0.08054819778412187,46939.9462728175
synthetic::LEAK_BATCH_004::001,LEAK_BATCH_004,SYN_04_001,control_clean,1.0,543161.652566,0.0,5,0.011811650996734355,0.0,6415.635874919073,0.011811650996734355,6415.635874919073
synthetic::LEAK_BATCH_004::002,LEAK_BATCH_004,SYN_04_002,control_clean,1.0,491876.099212,0.0,5,0.010110126058241867,0.0,4972.929368069603,0.010110126058241867,4972.929368069603
synthetic::LEAK_BATCH_004::003,LEAK_BATCH_004,SYN_04_003,control_clean,1.0,559166.036454,0.02,5,0.012229647350057979,11183.320729080002,6838.403435962085,0.0077703526499420215,4344.917293117917
synthetic::LEAK_BATCH_004::004,LEAK_BATCH_004,SYN_04_004,control_clean,1.0,493678.407346,0.0,5,0.029392294722783402,0.0,14510.341246987951,0.029392294722783402,14510.341246987951
synthetic::LEAK_BATCH_004::005,LEAK_BATCH_004,SYN_04_005,control_clean,1.0,534701.855606,0.005881,5,0.014955024679374998,3144.5816128188862,7996.479446695337,0.009074024679374997,4851.897833876451
synthetic::LEAK_BATCH_004::006,LEAK_BATCH_004,SYN_04_006,control_clean,1.0,552877.079385,0.0,5,0.011250149754269717,0.0,6219.949938784517,0.011250149754269717,6219.949938784517
synthetic::LEAK_BATCH_004::007,LEAK_BATCH_004,SYN_04_007,control_clean,1.0,535852.280886,0.01836,5,0.01246933011612629,9838.24787706696,6681.718983846764,0.0058906698838737115,3156.5288932201966
synthetic::LEAK_BATCH_004::008,LEAK_BATCH_004,SYN_04_008,control_clean,1.0,539310.984173,0.0,5,0.010990747306273932,0.0,5927.430746543343,0.010990747306273932,5927.430746543343
synthetic::LEAK_BATCH_004::009,LEAK_BATCH_004,SYN_04_009,control_clean,1.0,571914.436249,0.0,5,0.011599841042613523,0.0,6634.116550464326,0.011599841042613523,6634.116550464326
synthetic::LEAK_BATCH_004::010,LEAK_BATCH_004,SYN_04_010,control_clean,1.0,550393.503346,0.0,5,0.016023829050885036,0.0,8819.411408334025,0.016023829050885036,8819.411408334025
synthetic::LEAK_BATCH_004::011,LEAK_BATCH_004,SYN_04_011,control_clean,1.0,544520.400069,0.001761,5,0.012058572992166838,958.900424521509,6566.138989955924,0.010297572992166838,5607.238565434415
synthetic::LEAK_BATCH_004::012,LEAK_BATCH_004,SYN_04_012,control_clean,1.0,556523.212823,0.0,5,0.013177971789339327,0.0,7333.84719869398,0.013177971789339327,7333.84719869398
synthetic::LEAK_BATCH_004::013,LEAK_BATCH_004,SYN_04_013,control_clean,1.0,544746.047112,0.0,5,0.009077656452984292,0.0,4945.017469803932,0.009077656452984292,4945.017469803932
synthetic::LEAK_BATCH_004::014,LEAK_BATCH_004,SYN_04_014,control_clean,1.0,596038.808255,0.0,5,0.023364661075788398,0.0,13926.244742894904,0.023364661075788398,13926.244742894904
synthetic::LEAK_BATCH_004::015,LEAK_BATCH_004,SYN_04_015,control_clean,1.0,581096.177776,0.0,5,0.017246541979778637,0.0,10021.899624302694,0.017246541979778637,10021.899624302694
synthetic::LEAK_BATCH_004::016,LEAK_BATCH_004,SYN_04_016,control_clean,1.0,484305.362739,0.0,5,0.009079531158791732,0.0,4397.265631358682,0.009079531158791732,4397.265631358682
synthetic::LEAK_BATCH_004::017,LEAK_BATCH_004,SYN_04_017,control_clean,1.0,560597.833971,0.0,5,0.017422189717851158,0.0,9766.841818859188,0.017422189717851158,9766.841818859188
synthetic::LEAK_BATCH_004::018,LEAK_BATCH_004,SYN_04_018,control_clean,1.0,522945.401411,0.016135,5,0.025566828006935008,8437.724051766485,13370.055134892626,0.009431828006935008,4932.331083126141
synthetic::LEAK_BATCH_004::019,LEAK_BATCH_004,SYN_04_019,control_clean,1.0,496665.136603,0.009983,5,0.009036109596593692,4958.208058707749,4487.920607151885,0.0009468904034063089,470.2874515558642
synthetic::LEAK_BATCH_004::020,LEAK_BATCH_004,SYN_04_020,control_clean,1.0,533875.350884,0.0,5,0.020684548808859324,0.0,11042.970753206995,0.020684548808859324,11042.970753206995
synthetic::LEAK_BATCH_009::001,LEAK_BATCH_009,SYN_09_001,under_heavy,1.0,510131.190655,0.041954,5,0.035253235064775304,21402.04397273987,17983.77477803442,0.006700764935224694,3418.269194705448
synthetic::LEAK_BATCH_009::002,LEAK_BATCH_009,SYN_09_002,under_heavy,1.0,563373.823641,0.047403,5,0.04021997857223904,26705.60936205432,22658.883115001394,0.007183021427760963,4046.7262470529276
synthetic::LEAK_BATCH_009::003,LEAK_BATCH_009,SYN_09_003,under_heavy,1.0,498428.435643,0.043194,5,0.05432586768746836,21529.117849163744,27077.557246413457,0.011131867687468357,5548.439397249713
synthetic::LEAK_BATCH_009::004,LEAK_BATCH_009,SYN_09_004,under_heavy,1.0,546611.6612,0.039265,5,0.0653269832742522,21462.706877018,35708.4908487236,0.026061983274252194,14245.783971705601
synthetic::LEAK_BATCH_009::005,LEAK_BATCH_009,SYN_09_005,under_heavy,1.0,520326.36488,0.050098,5,0.04481316789102144,26067.31022775824,23317.47274749232,0.0052848321089785585,2749.83748026592
synthetic::LEAK_BATCH_009::006,LEAK_BATCH_009,SYN_09_006,under_heavy,1.0,560697.859832,0.063359,5,0.038483961330696495,35525.25570109569,21577.87475597897,0.024875038669303504,13947.380945116718
synthetic::LEAK_BATCH_009::007,LEAK_BATCH_009,SYN_09_007,under_heavy,1.0,543823.891608,0.072498,5,0.04399099257922166,39426.14449379679,23923.352780130976,0.028507007420778344,15502.791713665814
synthetic::LEAK_BATCH_009::008,LEAK_BATCH_009,SYN_09_008,under_heavy,1.0,508548.583468,0.057856,5,0.04253170251704927,29422.586845124606,21629.437067527775,0.015324297482950729,7793.149777596831
synthetic::LEAK_BATCH_009::009,LEAK_BATCH_009,SYN_09_009,under_heavy,1.0,655105.499976,0.06567,5,0.05469104312129046,43020.77818342393,35828.40314818196,0.010978956878709548,7192.3750352419665
synthetic::LEAK_BATCH_009::010,LEAK_BATCH_009,SYN_09_010,under_heavy,1.0,593303.069999,0.03,5,0.0312457581265779,17799.09209997,18538.204220944874,0.0012457581265779005,739.1121209748744
synthetic::LEAK_BATCH_009::011,LEAK_BATCH_009,SYN_09_011,under_heavy,1.0,631346.157244,0.034245,5,0.06995400544506522,21620.449154820777,44165.19252156778,0.03570900544506522,22544.743366747
synthetic::LEAK_BATCH_009::012,LEAK_BATCH_009,SYN_09_012,under_heavy,1.0,657257.130499,0.043632,5,0.053350872635995514,28677.443117932366,35065.24145835203,0.009718872635995517,6387.798340419664
synthetic::LEAK_BATCH_009::013,LEAK_BATCH_009,SYN_09_013,under_heavy,1.0,577183.188938,0.047688,5,0.045091967064804006,27524.711914075346,26026.325345950845,0.002596032935195995,1498.3865681245006
synthetic::LEAK_BATCH_009::014,LEAK_BATCH_009,SYN_09_014,under_heavy,1.0,541065.556495,0.049407,5,0.0607723289360035,26732.425949748467,32881.81397525592,0.011365328936003498,6149.388025507455
synthetic::LEAK_BATCH_009::015,LEAK_BATCH_009,SYN_09_015,under_heavy,1.0,588012.285772,0.062554,5,0.09349523958193959,36782.52052418169,54976.34953537706,0.03094123958193959,18193.829011195376
synthetic::LEAK_BATCH_009::016,LEAK_BATCH_009,SYN_09_016,under_heavy,1.0,587887.354648,0.030294,5,0.06608810834535973,17809.45952170651,38852.36318884394,0.03579410834535973,21042.90366713743
synthetic::LEAK_BATCH_009::017,LEAK_BATCH_009,SYN_09_017,under_heavy,1.0,533216.523496,0.061663,5,0.07855049085953178,32879.73048833385,41884.419655023856,0.016887490859531777,9004.689166690005
synthetic::LEAK_BATCH_009::018,LEAK_BATCH_009,SYN_09_018,under_heavy,1.0,522369.94297,0.03304,5,0.03563657689423061,17259.1029157288,18615.476639885263,0.0025965768942306094,1356.3737241564631
synthetic::LEAK_BATCH_009::019,LEAK_BATCH_009,SYN_09_019,under_heavy,1.0,561594.196457,0.070978,5,0.06882964329208988,39860.83287612494,38654.328217043156,0.0021483567079101235,1206.5046590817874
synthetic::LEAK_BATCH_009::020,LEAK_BATCH_009,SYN_09_020,under_heavy,1.0,559662.90759,0.05052,5,0.032886689420739704,28274.1700914468,18405.460222220474,0.0176333105792603,9868.709869226324
synthetic::LEAK_BATCH_014::001,LEAK_BATCH_014,SYN_14_001,mixed_leakage,1.0,608249.592446,0.21348,5,0.2342520434667369,129849.12299537208,142483.70996828537,0.02077204346673689,12634.586972913297
synthetic::LEAK_BATCH_014::002,LEAK_BATCH_014,SYN_14_002,mixed_leakage,1.0,607607.058268,0.192318,5,0.2701279298683952,116853.77423198523,164131.63682336023,0.07780992986839519,47277.862591375
synthetic::LEAK_BATCH_014::003,LEAK_BATCH_014,SYN_14_003,mixed_leakage,1.0,578517.887563,0.231206,5,0.2436409107921331,133756.80671189097,140950.62503539017,0.012434910792133103,7193.818323499203
synthetic::LEAK_BATCH_014::004,LEAK_BATCH_014,SYN_14_004,mixed_leakage,1.0,674029.359713,0.227166,5,0.2413136901633145,153116.55352856335,162652.51207076013,0.014147690163314491,9535.958542196779
synthetic::LEAK_BATCH_014::005,LEAK_BATCH_014,SYN_14_005,mixed_leakage,1.0,639421.684842,0.209269,5,0.23536619658307684,133811.13656520052,150498.24997400437,0.026097196583076826,16687.113408803853
synthetic::LEAK_BATCH_014::006,LEAK_BATCH_014,SYN_14_006,mixed_leakage,1.0,679327.593448,0.209269,5,0.24555778253364793,142162.20615326954,166814.17746101037,0.03628878253364792,24651.971307740838
synthetic::LEAK_BATCH_014::007,LEAK_BATCH_014,SYN_14_007,mixed_leakage,1.0,567937.898073,0.236443,5,0.2748605853055875,134284.94043407435,156103.74308156988,0.038417585305587504,21818.802647495526
synthetic::LEAK_BATCH_014::008,LEAK_BATCH_014,SYN_14_008,mixed_leakage,1.0,637390.531906,0.190645,5,0.2723446347445704,121515.31795521938,173589.891601587,0.08169963474457037,52074.57364636763
synthetic::LEAK_BATCH_014::009,LEAK_BATCH_014,SYN_14_009,mixed_leakage,1.0,562256.6302,0.214795,5,0.24361203449805086,120769.91288380901,136972.48159304023,0.028817034498050842,16202.568709231215
synthetic::LEAK_BATCH_014::010,LEAK_BATCH_014,SYN_14_010,mixed_leakage,1.0,595302.444719,0.203537,5,0.23108657258537357,121166.07369077111,137566.40160180753,0.027549572585373577,16400.327911036424
synthetic::LEAK_BATCH_014::011,LEAK_BATCH_014,SYN_14_011,mixed_leakage,1.0,600764.12371,0.236461,5,0.2280055199440911,142057.2854565903,136977.5363902548,0.008455480055908904,5079.749066335498
synthetic::LEAK_BATCH_014::012,LEAK_BATCH_014,SYN_14_012,mixed_leakage,1.0,643932.110786,0.2591,5,0.2302669480074692,166842.80990465262,148276.28187469975,0.028833051992530806,18566.528029952868
synthetic::LEAK_BATCH_014::013,LEAK_BATCH_014,SYN_14_013,mixed_leakage,1.0,516271.415689,0.214919,5,0.24789382476551114,110956.53638846418,127980.49585225132,0.03297482476551114,17023.959463787134
synthetic::LEAK_BATCH_014::014,LEAK_BATCH_014,SYN_14_014,mixed_leakage,1.0,610239.338688,0.225077,5,0.25009982275870346,137350.83963387896,152620.7504462572,0.02502282275870346,15269.91081237825
synthetic::LEAK_BATCH_014::015,LEAK_BATCH_014,SYN_14_015,mixed_leakage,1.0,569769.915265,0.229474,5,0.2571596635396315,130747.3815355206,146521.83970455173,0.027685663539631478,15774.458169031132
synthetic::LEAK_BATCH_014::016,LEAK_BATCH_014,SYN_14_016,mixed_leakage,1.0,537655.483474,0.200208,5,0.2836149567649984,107642.9290353626,152487.13669994284,0.08340695676499843,44844.207664580244
synthetic::LEAK_BATCH_014::017,LEAK_BATCH_014,SYN_14_017,mixed_leakage,1.0,556502.350946,0.202589,5,0.22994978141590638,112741.25477579919,127967.59395747072,0.027360781415906393,15226.33918167153
synthetic::LEAK_BATCH_014::018,LEAK_BATCH_014,SYN_14_018,mixed_leakage,1.0,542026.844222,0.236852,5,0.22728552987240194,128380.14210766915,123194.85849406313,0.009566470127598065,5185.283613606021
synthetic::LEAK_BATCH_014::019,LEAK_BATCH_014,SYN_14_019,mixed_leakage,1.0,593291.562299,0.210572,5,0.24371580506951873,124930.59085642503,144594.5307466533,0.03314380506951872,19663.93989022827
synthetic::LEAK_BATCH_014::020,LEAK_BATCH_014,SYN_14_020,mixed_leakage,1.0,578395.688113,0.246034,5,0.24689790158319877,142305.00472919384,142804.68167987,0.0008639015831987673,499.67695067616296
